timestamp,array_id,irradiance_kwh_m2,temp_c,humidity_pct,cloud_cover_pct,rainfall_mm,actual_output_kwh,expected_output_kwh,efficiency_pct,soiling_loss_pct,dust_flag,rain_event
2024-12-01 07:00:00,A1,0.0,27.31,78.4,28.58,0.0,0.0,0.0,86.7107,10.0,1,False
2024-12-01 08:00:00,A1,0.4635,26.89,85.27,49.42,0.0,814.11,903.79,87.8257,10.0,1,False
2024-12-01 09:00:00,A1,1.6769,28.37,80.15,31.76,0.0,2906.41,3269.94,86.6606,10.0,1,False
2024-12-01 10:00:00,A1,3.1768,35.09,86.07,31.94,0.0,5524.54,6194.67,86.9526,10.0,1,False
2024-12-01 11:00:00,A1,4.3902,37.19,82.97,25.26,0.0,7682.96,8560.82,87.502,10.0,1,False
2024-12-01 12:00:00,A1,4.8536,38.33,84.17,41.73,0.0,8464.09,9464.61,87.1931,10.0,1,False
2024-12-01 13:00:00,A1,4.3902,35.37,80.43,29.69,0.0,7678.71,8560.82,87.4536,10.0,1,False
2024-12-01 14:00:00,A1,3.1768,36.59,81.51,22.76,0.0,5482.16,6194.67,86.2857,10.0,1,False
2024-12-01 15:00:00,A1,1.6769,25.87,81.39,34.81,0.0,2933.35,3269.94,87.4637,10.0,1,False
2024-12-01 16:00:00,A1,0.4635,27.74,82.53,48.32,0.0,805.65,903.79,86.9132,10.0,1,False
2024-12-01 17:00:00,A1,0.0,26.49,79.76,23.47,0.0,0.0,0.0,86.8046,10.0,1,False
2024-12-01 18:00:00,A1,0.4635,27.12,89.78,34.49,0.0,809.12,903.79,87.2869,10.0,1,False
2024-12-01 19:00:00,A1,1.6769,28.96,76.81,38.39,0.0,2934.21,3269.94,87.4894,10.0,1,False
2024-12-01 07:00:00,A2,0.0,26.5,79.56,30.28,0.0,0.0,0.0,90.1191,8.0,1,False
2024-12-01 08:00:00,A2,0.4635,27.06,88.13,40.44,0.0,829.13,903.79,89.4454,8.0,1,False
2024-12-01 09:00:00,A2,1.6769,29.05,85.12,38.75,0.0,3014.3,3269.94,89.8774,8.0,1,False
2024-12-01 10:00:00,A2,3.1768,35.46,86.46,22.5,0.0,5664.6,6194.67,89.1571,8.0,1,False
2024-12-01 11:00:00,A2,4.3902,37.76,88.28,22.87,0.0,7756.26,8560.82,88.3369,8.0,1,False
2024-12-01 12:00:00,A2,4.8536,37.57,75.24,41.7,0.0,8581.33,9464.61,88.4008,8.0,1,False
2024-12-01 13:00:00,A2,4.3902,35.91,85.43,24.59,0.0,7823.25,8560.82,89.0998,8.0,1,False
2024-12-01 14:00:00,A2,3.1768,36.33,83.32,40.76,0.0,5641.8,6194.67,88.7983,8.0,1,False
2024-12-01 15:00:00,A2,1.6769,28.23,80.97,29.14,0.0,2982.76,3269.94,88.937,8.0,1,False
2024-12-01 16:00:00,A2,0.4635,28.58,80.34,49.86,0.0,832.7,903.79,89.8305,8.0,1,False
2024-12-01 17:00:00,A2,0.0,25.45,80.98,24.53,0.0,0.0,0.0,89.4037,8.0,1,False
2024-12-01 18:00:00,A2,0.4635,28.0,82.7,30.3,0.0,830.33,903.79,89.5751,8.0,1,False
2024-12-01 19:00:00,A2,1.6769,29.13,83.3,45.4,0.0,2963.62,3269.94,88.3663,8.0,1,False
2024-12-01 07:00:00,B1,0.0,26.13,79.75,31.55,0.0,0.0,0.0,91.1897,6.0,1,False
2024-12-01 08:00:00,B1,0.4635,27.47,83.29,30.16,0.0,841.78,903.79,90.8104,6.0,1,False
2024-12-01 09:00:00,B1,1.6769,29.93,75.04,35.65,0.0,3051.53,3269.94,90.9877,6.0,1,False
2024-12-01 10:00:00,B1,3.1768,39.41,82.8,28.77,0.0,5782.77,6194.67,91.0171,6.0,1,False
2024-12-01 11:00:00,B1,4.3902,37.39,78.86,49.51,0.0,7971.32,8560.82,90.7862,6.0,1,False
2024-12-01 12:00:00,B1,4.8536,37.6,77.42,41.93,0.0,8893.96,9464.61,91.6214,6.0,1,False
2024-12-01 13:00:00,B1,4.3902,34.48,89.75,45.98,0.0,7929.91,8560.82,90.3145,6.0,1,False
2024-12-01 14:00:00,B1,3.1768,34.56,83.22,33.52,0.0,5771.13,6194.67,90.8338,6.0,1,False
2024-12-01 15:00:00,B1,1.6769,27.41,88.91,28.91,0.0,3078.92,3269.94,91.8043,6.0,1,False
2024-12-01 16:00:00,B1,0.4635,28.25,75.73,42.26,0.0,842.28,903.79,90.8649,6.0,1,False
2024-12-01 17:00:00,B1,0.0,28.69,77.49,45.18,0.0,0.0,0.0,90.5013,6.0,1,False
2024-12-01 18:00:00,B1,0.4635,27.99,76.67,39.96,0.0,838.44,903.79,90.45,6.0,1,False
2024-12-01 19:00:00,B1,1.6769,26.64,85.44,46.64,0.0,3077.41,3269.94,91.7594,6.0,1,False
2024-12-01 07:00:00,B2,0.0,27.5,76.27,36.97,0.0,0.0,0.0,84.823,12.0,1,False
2024-12-01 08:00:00,B2,0.4635,29.57,80.06,44.45,0.0,790.03,903.79,85.2281,12.0,1,False
2024-12-01 09:00:00,B2,1.6769,29.16,76.19,42.55,0.0,2876.62,3269.94,85.7723,12.0,1,False
2024-12-01 10:00:00,B2,3.1768,34.77,88.65,44.65,0.0,5355.63,6194.67,84.2941,12.0,1,False
2024-12-01 11:00:00,B2,4.3902,35.21,76.83,36.87,0.0,7380.88,8560.82,84.0616,12.0,1,False
2024-12-01 12:00:00,B2,4.8536,38.85,82.02,44.35,0.0,8252.18,9464.61,85.0102,12.0,1,False
2024-12-01 13:00:00,B2,4.3902,35.24,83.73,47.96,0.0,7454.76,8560.82,84.903,12.0,1,False
2024-12-01 14:00:00,B2,3.1768,38.01,80.68,41.53,0.0,5402.99,6194.67,85.0396,12.0,1,False
2024-12-01 15:00:00,B2,1.6769,26.84,86.17,20.97,0.0,2846.12,3269.94,84.8628,12.0,1,False
2024-12-01 16:00:00,B2,0.4635,24.4,83.14,23.65,0.0,789.79,903.79,85.2015,12.0,1,False
2024-12-01 17:00:00,B2,0.0,27.97,85.5,23.08,0.0,0.0,0.0,85.736,12.0,1,False
2024-12-01 18:00:00,B2,0.4635,27.11,86.88,21.47,0.0,794.39,903.79,85.6977,12.0,1,False
2024-12-01 19:00:00,B2,1.6769,25.09,82.22,32.35,0.0,2844.7,3269.94,84.8205,12.0,1,False
2024-12-01 07:00:00,C1,0.0,25.12,87.68,29.64,0.0,0.0,0.0,88.0886,9.0,1,False
2024-12-01 08:00:00,C1,0.4635,29.51,88.75,27.1,0.0,815.59,903.79,87.985,9.0,1,False
2024-12-01 09:00:00,C1,1.6769,27.01,81.95,22.74,0.0,2946.82,3269.94,87.8654,9.0,1,False
2024-12-01 10:00:00,C1,3.1768,35.43,76.43,27.25,0.0,5587.56,6194.67,87.9446,9.0,1,False
2024-12-01 11:00:00,C1,4.3902,34.26,88.42,44.23,0.0,7823.3,8560.82,89.1004,9.0,1,False
2024-12-01 12:00:00,C1,4.8536,39.93,82.27,20.17,0.0,8575.82,9464.61,88.3441,9.0,1,False
2024-12-01 13:00:00,C1,4.3902,36.77,76.46,31.26,0.0,7722.51,8560.82,87.9524,9.0,1,False
2024-12-01 14:00:00,C1,3.1768,35.25,86.98,43.97,0.0,5599.94,6194.67,88.1393,9.0,1,False
2024-12-01 15:00:00,C1,1.6769,26.46,85.73,33.3,0.0,2966.36,3269.94,88.448,9.0,1,False
2024-12-01 16:00:00,C1,0.4635,27.01,79.0,20.76,0.0,817.44,903.79,88.1848,9.0,1,False
2024-12-01 17:00:00,C1,0.0,25.42,89.9,22.02,0.0,0.0,0.0,87.3722,9.0,1,False
2024-12-01 18:00:00,C1,0.4635,25.8,78.49,23.16,0.0,813.17,903.79,87.724,9.0,1,False
2024-12-01 19:00:00,C1,1.6769,26.17,79.22,39.03,0.0,2930.58,3269.94,87.3813,9.0,1,False
2024-12-01 07:00:00,C2,0.0,27.79,79.4,37.92,0.0,0.0,0.0,90.062,7.0,1,False
2024-12-01 08:00:00,C2,0.4635,24.1,88.31,20.79,0.0,835.76,903.79,90.1613,7.0,1,False
2024-12-01 09:00:00,C2,1.6769,29.83,85.66,21.38,0.0,3011.13,3269.94,89.7829,7.0,1,False
2024-12-01 10:00:00,C2,3.1768,39.75,85.65,46.15,0.0,5750.95,6194.67,90.5162,7.0,1,False
2024-12-01 11:00:00,C2,4.3902,34.89,88.95,30.68,0.0,7893.76,8560.82,89.9028,7.0,1,False
2024-12-01 12:00:00,C2,4.8536,39.08,87.49,48.2,0.0,8748.69,9464.61,90.125,7.0,1,False
2024-12-01 13:00:00,C2,4.3902,34.05,85.82,20.49,0.0,7859.52,8560.82,89.5128,7.0,1,False
2024-12-01 14:00:00,C2,3.1768,39.25,78.38,22.54,0.0,5738.18,6194.67,90.3152,7.0,1,False
2024-12-01 15:00:00,C2,1.6769,27.43,78.38,37.04,0.0,2982.31,3269.94,88.9238,7.0,1,False
2024-12-01 16:00:00,C2,0.4635,26.51,79.47,39.83,0.0,837.71,903.79,90.3713,7.0,1,False
2024-12-01 17:00:00,C2,0.0,27.34,89.22,37.62,0.0,0.0,0.0,89.9597,7.0,1,False
2024-12-01 18:00:00,C2,0.4635,26.89,75.05,35.02,0.0,833.7,903.79,89.9393,7.0,1,False
2024-12-01 19:00:00,C2,1.6769,24.16,87.86,31.17,0.0,3008.62,3269.94,89.7082,7.0,1,False
2024-12-02 07:00:00,A1,0.0,26.01,98.12,78.23,1.3846,0.0,0.0,84.0515,12.3618,0,True
2024-12-02 08:00:00,A1,0.4271,29.63,92.42,71.08,1.3846,716.17,832.89,83.8368,12.3618,0,True
2024-12-02 09:00:00,A1,1.0562,25.64,96.35,70.46,1.3846,1781.41,2059.57,84.3319,12.3618,0,True
2024-12-02 10:00:00,A1,1.6012,28.26,98.22,86.47,1.3846,2692.79,3122.28,84.0882,12.3618,0,True
2024-12-02 11:00:00,A1,2.8139,24.7,92.45,72.68,1.3846,4741.04,5487.2,84.2419,12.3618,0,True
2024-12-02 12:00:00,A1,2.1994,27.39,93.64,78.09,1.3846,3713.32,4288.87,84.4159,12.3618,0,True
2024-12-02 13:00:00,A1,2.0837,25.67,92.16,80.31,1.3846,3535.51,4063.16,84.8385,12.3618,0,True
2024-12-02 14:00:00,A1,1.6065,29.47,96.94,76.29,1.3846,2745.46,3132.66,85.4487,12.3618,0,True
2024-12-02 15:00:00,A1,0.9373,28.67,97.47,66.98,1.3846,1591.6,1827.76,84.9022,12.3618,0,True
2024-12-02 16:00:00,A1,0.2474,26.0,92.37,83.39,1.3846,417.64,482.52,84.3914,12.3618,0,True
2024-12-02 17:00:00,A1,0.0,28.13,97.73,79.73,1.3846,0.0,0.0,84.567,12.3618,0,True
2024-12-02 18:00:00,A1,0.4326,24.52,90.06,80.25,1.3846,726.01,843.49,83.9203,12.3618,0,True
2024-12-02 19:00:00,A1,1.3972,25.62,94.91,88.33,1.3846,2348.31,2724.45,84.0391,12.3618,0,True
2024-12-02 07:00:00,A2,0.0,25.68,94.56,85.37,1.3846,0.0,0.0,86.8686,9.8424,0,True
2024-12-02 08:00:00,A2,0.445,24.26,99.1,69.43,1.3846,775.05,867.75,87.0849,9.8424,0,True
2024-12-02 09:00:00,A2,0.8877,26.0,90.41,61.09,1.3846,1564.05,1731.09,88.092,9.8424,0,True
2024-12-02 10:00:00,A2,2.0278,27.67,93.69,78.53,1.3846,3524.38,3954.17,86.9024,9.8424,0,True
2024-12-02 11:00:00,A2,2.2458,25.78,95.09,85.9,1.3846,3904.67,4379.26,86.9337,9.8424,0,True
2024-12-02 12:00:00,A2,3.1015,29.83,93.23,84.48,1.3846,5405.28,6047.85,87.1408,9.8424,0,True
2024-12-02 13:00:00,A2,2.5254,24.5,92.57,72.17,1.3846,4406.75,4924.59,87.2475,9.8424,0,True
2024-12-02 14:00:00,A2,1.5575,25.11,93.99,68.14,1.3846,2700.02,3037.1,86.6788,9.8424,0,True
2024-12-02 15:00:00,A2,0.8802,25.68,98.68,71.16,1.3846,1552.46,1716.43,88.1858,9.8424,0,True
2024-12-02 16:00:00,A2,0.2028,25.66,98.64,87.54,1.3846,351.57,395.53,86.6642,9.8424,0,True
2024-12-02 17:00:00,A2,0.0,27.97,94.1,85.12,1.3846,0.0,0.0,87.1872,9.8424,0,True
2024-12-02 18:00:00,A2,0.446,24.14,90.13,67.35,1.3846,779.38,869.77,87.3674,9.8424,0,True
2024-12-02 19:00:00,A2,1.4409,29.15,95.43,71.25,1.3846,2514.74,2809.82,87.2611,9.8424,0,True
2024-12-02 07:00:00,B1,0.0,24.99,91.35,83.24,1.3846,0.0,0.0,88.0062,8.3043,0,True
2024-12-02 08:00:00,B1,0.4221,29.99,92.77,70.49,1.3846,751.28,823.1,88.9931,8.3043,0,True
2024-12-02 09:00:00,B1,0.7412,28.56,90.39,79.37,1.3846,1313.07,1445.24,88.5832,8.3043,0,True
2024-12-02 10:00:00,B1,1.8223,24.31,96.78,81.98,1.3846,3229.86,3553.44,88.6216,8.3043,0,True
2024-12-02 11:00:00,B1,2.1816,28.86,92.87,73.53,1.3846,3876.41,4254.09,88.844,8.3043,0,True
2024-12-02 12:00:00,B1,3.1414,24.0,92.22,87.08,1.3846,5541.88,6125.68,88.2079,8.3043,0,True
2024-12-02 13:00:00,B1,2.8342,26.49,99.19,86.48,1.3846,5004.64,5526.6,88.2916,8.3043,0,True
2024-12-02 14:00:00,B1,1.646,29.36,91.28,85.55,1.3846,2931.26,3209.77,89.0399,8.3043,0,True
2024-12-02 15:00:00,B1,0.9067,29.5,93.06,72.78,1.3846,1621.21,1768.12,89.3987,8.3043,0,True
2024-12-02 16:00:00,B1,0.2869,26.04,93.03,87.67,1.3846,509.11,559.39,88.7364,8.3043,0,True
2024-12-02 17:00:00,B1,0.0,26.39,99.33,73.24,1.3846,0.0,0.0,89.8719,8.3043,0,True
2024-12-02 18:00:00,B1,0.392,25.32,90.99,89.77,1.3846,693.59,764.36,88.4727,8.3043,0,True
2024-12-02 19:00:00,B1,1.3884,28.68,92.84,64.43,1.3846,2455.58,2707.35,88.4331,8.3043,0,True
2024-12-02 07:00:00,B2,0.0,26.27,96.61,61.77,1.3846,0.0,0.0,82.0477,14.9652,0,True
2024-12-02 08:00:00,B2,0.365,28.03,97.27,76.91,1.3846,599.39,711.69,82.1155,14.9652,0,True
2024-12-02 09:00:00,B2,0.9217,28.79,93.6,81.5,1.3846,1497.08,1797.27,81.2151,14.9652,0,True
2024-12-02 10:00:00,B2,1.8082,29.17,95.46,61.15,1.3846,2943.9,3525.9,81.4063,14.9652,0,True
2024-12-02 11:00:00,B2,2.387,28.9,91.1,82.71,1.3846,3922.65,4654.72,82.1657,14.9652,0,True
2024-12-02 12:00:00,B2,2.2786,25.49,93.86,76.02,1.3846,3731.0,4443.22,81.8715,14.9652,0,True
2024-12-02 13:00:00,B2,2.6244,27.12,98.76,75.81,1.3846,4308.64,5117.66,82.0868,14.9652,0,True
2024-12-02 14:00:00,B2,1.4002,26.95,97.96,64.31,1.3846,2271.13,2730.42,81.0996,14.9652,0,True
2024-12-02 15:00:00,B2,0.8297,29.3,94.33,88.98,1.3846,1356.39,1618.01,81.7354,14.9652,0,True
2024-12-02 16:00:00,B2,0.2658,29.74,98.52,85.75,1.3846,438.67,518.38,82.5077,14.9652,0,True
2024-12-02 17:00:00,B2,0.0,28.29,97.17,78.16,1.3846,0.0,0.0,82.3413,14.9652,0,True
2024-12-02 18:00:00,B2,0.3555,25.46,97.93,75.48,1.3846,574.53,693.14,80.8155,14.9652,0,True
2024-12-02 19:00:00,B2,1.4175,26.68,95.26,63.66,1.3846,2307.14,2764.1,81.3812,14.9652,0,True
2024-12-02 07:00:00,C1,0.0,28.21,90.32,60.83,1.3846,0.0,0.0,85.6285,11.3268,0,True
2024-12-02 08:00:00,C1,0.4142,26.26,92.23,73.72,1.3846,714.05,807.66,86.2001,11.3268,0,True
2024-12-02 09:00:00,C1,0.7641,26.85,91.92,80.0,1.3846,1305.74,1490.05,85.4398,11.3268,0,True
2024-12-02 10:00:00,C1,2.0241,29.89,91.62,87.27,1.3846,3451.93,3947.04,85.2696,11.3268,0,True
2024-12-02 11:00:00,C1,2.6156,29.28,99.32,76.2,1.3846,4523.94,5100.42,86.48,11.3268,0,True
2024-12-02 12:00:00,C1,2.7831,26.8,91.79,69.81,1.3846,4737.48,5426.99,85.1124,11.3268,0,True
2024-12-02 13:00:00,C1,2.1521,26.77,99.54,70.65,1.3846,3663.55,4196.56,85.1164,11.3268,0,True
2024-12-02 14:00:00,C1,2.0613,24.59,91.96,79.76,1.3846,3557.91,4019.57,86.3019,11.3268,0,True
2024-12-02 15:00:00,C1,1.069,24.1,96.21,88.34,1.3846,1838.77,2084.47,86.0075,11.3268,0,True
2024-12-02 16:00:00,C1,0.2887,25.65,93.66,73.62,1.3846,492.84,562.88,85.3687,11.3268,0,True
2024-12-02 17:00:00,C1,0.0,28.85,99.53,63.47,1.3846,0.0,0.0,85.449,11.3268,0,True
2024-12-02 18:00:00,C1,0.4172,24.98,98.1,82.94,1.3846,712.65,813.46,85.4166,11.3268,0,True
2024-12-02 19:00:00,C1,1.6286,27.53,95.89,66.83,1.3846,2791.82,3175.83,85.7105,11.3268,0,True
2024-12-02 07:00:00,C2,0.0,24.01,91.06,82.94,1.3846,0.0,0.0,87.9407,9.1698,0,True
2024-12-02 08:00:00,C2,0.447,26.21,93.28,74.96,1.3846,783.03,871.58,87.5939,9.1698,0,True
2024-12-02 09:00:00,C2,1.0061,24.46,98.44,73.21,1.3846,1779.64,1961.94,88.4405,9.1698,0,True
2024-12-02 10:00:00,C2,1.7072,29.66,92.64,74.01,1.3846,2996.68,3328.95,87.7683,9.1698,0,True
2024-12-02 11:00:00,C2,1.9941,26.91,92.71,66.2,1.3846,3520.59,3888.54,88.2743,9.1698,0,True
2024-12-02 12:00:00,C2,2.4582,29.22,94.76,83.22,1.3846,4344.39,4793.54,88.3643,9.1698,0,True
2024-12-02 13:00:00,C2,2.8005,24.09,97.27,68.7,1.3846,4929.04,5461.04,88.0018,9.1698,0,True
2024-12-02 14:00:00,C2,1.981,29.97,97.33,61.92,1.3846,3450.66,3862.96,87.0937,9.1698,0,True
2024-12-02 15:00:00,C2,0.9424,25.04,96.68,78.72,1.3846,1655.43,1837.63,87.8332,9.1698,0,True
2024-12-02 16:00:00,C2,0.291,28.1,90.44,78.63,1.3846,515.03,567.43,88.4955,9.1698,0,True
2024-12-02 17:00:00,C2,0.0,28.26,96.63,63.11,1.3846,0.0,0.0,87.9384,9.1698,0,True
2024-12-02 18:00:00,C2,0.3809,24.42,92.79,89.14,1.3846,676.47,742.79,88.7951,9.1698,0,True
2024-12-02 19:00:00,C2,1.3601,29.32,95.64,70.16,1.3846,2391.69,2652.11,87.9259,9.1698,0,True
2024-12-03 07:00:00,A1,0.0,27.14,78.78,26.29,0.0,0.0,0.0,93.2943,4.0,1,False
2024-12-03 08:00:00,A1,0.4722,28.54,83.96,35.04,0.0,884.63,920.84,93.6666,4.0,1,False
2024-12-03 09:00:00,A1,1.7085,29.68,88.47,36.11,0.0,3180.73,3331.61,93.0844,4.0,1,False
2024-12-03 10:00:00,A1,3.2367,35.68,80.78,27.39,0.0,6029.11,6311.5,93.1377,4.0,1,False
2024-12-03 11:00:00,A1,4.473,38.53,79.86,39.73,0.0,8331.58,8722.28,93.1326,4.0,1,False
2024-12-03 12:00:00,A1,4.9452,36.59,87.53,37.58,0.0,9179.64,9643.11,92.8139,4.0,1,False
2024-12-03 13:00:00,A1,4.473,39.85,83.32,38.75,0.0,8332.23,8722.28,93.14,4.0,1,False
2024-12-03 14:00:00,A1,3.2367,35.24,88.56,25.22,0.0,6071.85,6311.5,93.798,4.0,1,False
2024-12-03 15:00:00,A1,1.7085,25.34,89.05,39.5,0.0,3186.96,3331.61,93.2668,4.0,1,False
2024-12-03 16:00:00,A1,0.4722,25.59,80.28,44.83,0.0,876.37,920.84,92.7922,4.0,1,False
2024-12-03 17:00:00,A1,0.0,29.01,89.82,23.82,0.0,0.0,0.0,93.0162,4.0,1,False
2024-12-03 18:00:00,A1,0.4722,25.98,75.79,23.43,0.0,882.8,920.84,93.4731,4.0,1,False
2024-12-03 19:00:00,A1,1.7085,29.05,89.21,47.61,0.0,3173.2,3331.61,92.8639,4.0,1,False
2024-12-03 07:00:00,A2,0.0,28.11,78.08,27.39,0.0,0.0,0.0,93.4199,3.0,1,False
2024-12-03 08:00:00,A2,0.4722,24.6,79.87,34.58,0.0,878.09,920.84,92.9738,3.0,1,False
2024-12-03 09:00:00,A2,1.7085,26.32,79.66,31.73,0.0,3222.28,3331.61,94.3003,3.0,1,False
2024-12-03 10:00:00,A2,3.2367,39.09,75.21,36.68,0.0,6088.04,6311.5,94.048,3.0,1,False
2024-12-03 11:00:00,A2,4.473,36.3,89.85,28.04,0.0,8445.0,8722.28,94.4005,3.0,1,False
2024-12-03 12:00:00,A2,4.9452,36.61,85.35,40.81,0.0,9295.71,9643.11,93.9875,3.0,1,False
2024-12-03 13:00:00,A2,4.473,38.97,79.41,26.62,0.0,8376.24,8722.28,93.6319,3.0,1,False
2024-12-03 14:00:00,A2,3.2367,35.18,76.25,31.02,0.0,6113.67,6311.5,94.4439,3.0,1,False
2024-12-03 15:00:00,A2,1.7085,26.5,85.85,22.44,0.0,3191.95,3331.61,93.4129,3.0,1,False
2024-12-03 16:00:00,A2,0.4722,29.65,79.67,47.54,0.0,877.45,920.84,92.9065,3.0,1,False
2024-12-03 17:00:00,A2,0.0,25.38,78.75,39.41,0.0,0.0,0.0,94.0235,3.0,1,False
2024-12-03 18:00:00,A2,0.4722,26.96,89.4,25.89,0.0,886.98,920.84,93.9151,3.0,1,False
2024-12-03 19:00:00,A2,1.7085,29.88,83.76,37.63,0.0,3240.07,3331.61,94.8211,3.0,1,False
2024-12-03 07:00:00,B1,0.0,24.09,78.6,40.05,0.0,0.0,0.0,95.8828,1.0,0,False
2024-12-03 08:00:00,B1,0.4722,28.71,87.18,31.8,0.0,899.67,920.84,95.259,1.0,0,False
2024-12-03 09:00:00,B1,1.7085,27.16,89.28,22.67,0.0,3252.95,3331.61,95.1978,1.0,0,False
2024-12-03 10:00:00,B1,3.2367,38.04,88.07,39.49,0.0,6267.13,6311.5,96.8146,1.0,0,False
2024-12-03 11:00:00,B1,4.473,38.93,85.52,49.1,0.0,8593.32,8722.28,96.0584,1.0,0,False
2024-12-03 12:00:00,B1,4.9452,39.05,76.53,39.64,0.0,9479.54,9643.11,95.8461,1.0,0,False
2024-12-03 13:00:00,B1,4.473,37.57,76.47,38.43,0.0,8517.59,8722.28,95.2119,1.0,0,False
2024-12-03 14:00:00,B1,3.2367,37.72,80.48,20.59,0.0,6210.27,6311.5,95.9362,1.0,0,False
2024-12-03 15:00:00,B1,1.7085,28.51,79.61,29.88,0.0,3294.13,3331.61,96.403,1.0,0,False
2024-12-03 16:00:00,B1,0.4722,27.35,82.74,23.04,0.0,911.17,920.84,96.4764,1.0,0,False
2024-12-03 17:00:00,B1,0.0,26.21,88.55,42.34,0.0,0.0,0.0,96.8111,1.0,0,False
2024-12-03 18:00:00,B1,0.4722,26.1,83.37,39.88,0.0,904.32,920.84,95.7514,1.0,0,False
2024-12-03 19:00:00,B1,1.7085,24.49,77.76,25.86,0.0,3270.14,3331.61,95.7011,1.0,0,False
2024-12-03 07:00:00,B2,0.0,25.61,78.35,46.89,0.0,0.0,0.0,91.9208,5.0,1,False
2024-12-03 08:00:00,B2,0.4722,24.68,89.51,25.83,0.0,870.31,920.84,92.1506,5.0,1,False
2024-12-03 09:00:00,B2,1.7085,25.45,87.88,40.04,0.0,3146.32,3331.61,92.0775,5.0,1,False
2024-12-03 10:00:00,B2,3.2367,36.75,85.51,40.22,0.0,5968.16,6311.5,92.196,5.0,1,False
2024-12-03 11:00:00,B2,4.473,37.12,86.3,46.85,0.0,8263.68,8722.28,92.3737,5.0,1,False
2024-12-03 12:00:00,B2,4.9452,34.13,81.81,34.96,0.0,8979.23,9643.11,90.7876,5.0,1,False
2024-12-03 13:00:00,B2,4.473,36.7,76.79,24.73,0.0,8279.74,8722.28,92.5531,5.0,1,False
2024-12-03 14:00:00,B2,3.2367,36.27,89.8,21.2,0.0,5938.38,6311.5,91.736,5.0,1,False
2024-12-03 15:00:00,B2,1.7085,24.18,75.24,32.8,0.0,3141.31,3331.61,91.9307,5.0,1,False
2024-12-03 16:00:00,B2,0.4722,26.75,87.31,30.17,0.0,873.05,920.84,92.4407,5.0,1,False
2024-12-03 17:00:00,B2,0.0,26.11,80.28,42.64,0.0,0.0,0.0,92.4437,5.0,1,False
2024-12-03 18:00:00,B2,0.4722,28.36,80.97,44.06,0.0,860.19,920.84,91.079,5.0,1,False
2024-12-03 19:00:00,B2,1.7085,29.34,76.74,22.4,0.0,3162.5,3331.61,92.5508,5.0,1,False
2024-12-03 07:00:00,C1,0.0,26.18,89.91,33.57,0.0,0.0,0.0,94.6229,2.0,1,False
2024-12-03 08:00:00,C1,0.4722,24.08,84.56,30.29,0.0,891.27,920.84,94.3691,2.0,1,False
2024-12-03 09:00:00,C1,1.7085,26.59,81.25,42.9,0.0,3198.44,3331.61,93.6028,2.0,1,False
2024-12-03 10:00:00,C1,3.2367,36.72,80.19,34.92,0.0,6116.03,6311.5,94.4804,2.0,1,False
2024-12-03 11:00:00,C1,4.473,37.74,82.77,32.14,0.0,8500.99,8722.28,95.0264,2.0,0,False
2024-12-03 12:00:00,C1,4.9452,37.12,75.25,37.84,0.0,9315.71,9643.11,94.1896,2.0,1,False
2024-12-03 13:00:00,C1,4.473,38.96,81.07,27.18,0.0,8489.81,8722.28,94.9014,2.0,1,False
2024-12-03 14:00:00,C1,3.2367,37.84,79.63,20.74,0.0,6083.57,6311.5,93.979,2.0,1,False
2024-12-03 15:00:00,C1,1.7085,25.74,78.09,29.45,0.0,3234.36,3331.61,94.6537,2.0,1,False
2024-12-03 16:00:00,C1,0.4722,27.8,77.19,36.16,0.0,896.95,920.84,94.9713,2.0,1,False
2024-12-03 17:00:00,C1,0.0,26.08,85.36,27.93,0.0,0.0,0.0,94.995,2.0,1,False
2024-12-03 18:00:00,C1,0.4722,27.0,84.6,28.67,0.0,893.23,920.84,94.5772,2.0,1,False
2024-12-03 19:00:00,C1,1.7085,26.93,79.78,21.08,0.0,3230.46,3331.61,94.5397,2.0,1,False
2024-12-03 07:00:00,C2,0.0,25.1,80.16,39.5,0.0,0.0,0.0,94.0841,3.0,1,False
2024-12-03 08:00:00,C2,0.4722,29.58,76.03,44.16,0.0,886.74,920.84,93.8899,3.0,1,False
2024-12-03 09:00:00,C2,1.7085,27.87,80.85,20.33,0.0,3243.82,3331.61,94.9308,3.0,1,False
2024-12-03 10:00:00,C2,3.2367,36.39,84.27,45.77,0.0,6119.0,6311.5,94.5262,3.0,1,False
2024-12-03 11:00:00,C2,4.473,36.66,75.98,30.54,0.0,8402.53,8722.28,93.9258,3.0,1,False
2024-12-03 12:00:00,C2,4.9452,35.16,80.7,49.95,0.0,9334.69,9643.11,94.3816,3.0,1,False
2024-12-03 13:00:00,C2,4.473,39.62,75.64,39.97,0.0,8328.32,8722.28,93.0962,3.0,1,False
2024-12-03 14:00:00,C2,3.2367,37.18,77.24,27.07,0.0,6046.67,6311.5,93.4089,3.0,1,False
2024-12-03 15:00:00,C2,1.7085,29.41,79.41,40.08,0.0,3230.63,3331.61,94.5446,3.0,1,False
2024-12-03 16:00:00,C2,0.4722,24.9,76.07,46.42,0.0,885.5,920.84,93.7588,3.0,1,False
2024-12-03 17:00:00,C2,0.0,25.26,75.66,42.34,0.0,0.0,0.0,94.5399,3.0,1,False
2024-12-03 18:00:00,C2,0.4722,26.31,77.7,22.12,0.0,891.82,920.84,94.4283,3.0,1,False
2024-12-03 19:00:00,C2,1.7085,24.49,85.6,38.82,0.0,3211.72,3331.61,93.9913,3.0,1,False
2024-12-04 07:00:00,A1,0.0,28.73,83.41,49.75,0.0,0.0,0.0,92.4235,4.5,1,False
2024-12-04 08:00:00,A1,0.3931,25.5,86.07,49.9,0.0,728.2,766.47,92.631,4.5,1,False
2024-12-04 09:00:00,A1,1.4221,24.99,88.03,49.75,0.0,2638.93,2773.13,92.7816,4.5,1,False
2024-12-04 10:00:00,A1,2.6941,34.4,83.77,22.35,0.0,4957.58,5253.49,92.0081,4.5,1,False
2024-12-04 11:00:00,A1,3.7232,36.99,89.23,26.64,0.0,6827.39,7260.15,91.6883,4.5,1,False
2024-12-04 12:00:00,A1,4.1162,37.1,77.0,33.2,0.0,7636.39,8026.62,92.7598,4.5,1,False
2024-12-04 13:00:00,A1,3.7232,38.08,75.72,21.62,0.0,6889.04,7260.15,92.5162,4.5,1,False
2024-12-04 14:00:00,A1,2.6941,37.44,77.82,27.98,0.0,4965.8,5253.49,92.1608,4.5,1,False
2024-12-04 15:00:00,A1,1.4221,24.83,81.85,28.89,0.0,2632.27,2773.13,92.5476,4.5,1,False
2024-12-04 16:00:00,A1,0.3931,29.75,86.89,42.68,0.0,724.18,766.47,92.12,4.5,1,False
2024-12-04 17:00:00,A1,0.0,26.82,77.03,25.05,0.0,0.0,0.0,92.695,4.5,1,False
2024-12-04 18:00:00,A1,0.3931,26.35,77.35,36.75,0.0,729.24,766.47,92.7635,4.5,1,False
2024-12-04 19:00:00,A1,1.4221,24.23,80.6,41.58,0.0,2653.97,2773.13,93.3107,4.5,1,False
2024-12-04 07:00:00,A2,0.0,26.02,77.47,41.44,0.0,0.0,0.0,93.8089,3.5,1,False
2024-12-04 08:00:00,A2,0.3931,24.68,81.31,32.28,0.0,735.58,766.47,93.5702,3.5,1,False
2024-12-04 09:00:00,A2,1.4221,26.43,83.54,41.32,0.0,2624.9,2773.13,92.2885,3.5,1,False
2024-12-04 10:00:00,A2,2.6941,39.85,83.97,47.83,0.0,5048.45,5253.49,93.6946,3.5,1,False
2024-12-04 11:00:00,A2,3.7232,35.33,89.87,46.98,0.0,6992.96,7260.15,93.9118,3.5,1,False
2024-12-04 12:00:00,A2,4.1162,34.1,88.78,40.73,0.0,7705.54,8026.62,93.5998,3.5,1,False
2024-12-04 13:00:00,A2,3.7232,38.97,75.59,24.86,0.0,6989.93,7260.15,93.8711,3.5,1,False
2024-12-04 14:00:00,A2,2.6941,34.55,89.09,24.18,0.0,5030.76,5253.49,93.3664,3.5,1,False
2024-12-04 15:00:00,A2,1.4221,29.12,86.53,46.18,0.0,2676.16,2773.13,94.0906,3.5,1,False
2024-12-04 16:00:00,A2,0.3931,25.91,85.71,34.11,0.0,733.47,766.47,93.3013,3.5,1,False
2024-12-04 17:00:00,A2,0.0,24.6,85.3,20.23,0.0,0.0,0.0,93.4974,3.5,1,False
2024-12-04 18:00:00,A2,0.3931,28.31,82.43,22.22,0.0,734.42,766.47,93.4231,3.5,1,False
2024-12-04 19:00:00,A2,1.4221,24.99,79.28,20.1,0.0,2657.76,2773.13,93.4438,3.5,1,False
2024-12-04 07:00:00,B1,0.0,28.96,80.32,20.55,0.0,0.0,0.0,96.0434,1.5,0,False
2024-12-04 08:00:00,B1,0.3931,29.77,75.38,41.86,0.0,746.76,766.47,94.9922,1.5,1,False
2024-12-04 09:00:00,B1,1.4221,26.28,85.76,24.17,0.0,2723.39,2773.13,95.7514,1.5,0,False
2024-12-04 10:00:00,B1,2.6941,37.95,89.48,35.17,0.0,5132.73,5253.49,95.2587,1.5,0,False
2024-12-04 11:00:00,B1,3.7232,38.31,78.44,37.8,0.0,7140.29,7260.15,95.8904,1.5,0,False
2024-12-04 12:00:00,B1,4.1162,39.73,75.12,49.32,0.0,7842.29,8026.62,95.2609,1.5,0,False
2024-12-04 13:00:00,B1,3.7232,39.54,82.32,30.75,0.0,7084.26,7260.15,95.1379,1.5,0,False
2024-12-04 14:00:00,B1,2.6941,38.48,87.62,22.91,0.0,5166.7,5253.49,95.8891,1.5,0,False
2024-12-04 15:00:00,B1,1.4221,26.95,80.76,45.75,0.0,2688.64,2773.13,94.5296,1.5,1,False
2024-12-04 16:00:00,B1,0.3931,28.52,85.78,30.07,0.0,749.31,766.47,95.3168,1.5,0,False
2024-12-04 17:00:00,B1,0.0,28.52,87.67,45.92,0.0,0.0,0.0,96.1169,1.5,0,False
2024-12-04 18:00:00,B1,0.3931,29.83,88.74,49.18,0.0,746.89,766.47,95.0089,1.5,0,False
2024-12-04 19:00:00,B1,1.4221,25.29,84.17,21.09,0.0,2725.32,2773.13,95.8191,1.5,0,False
2024-12-04 07:00:00,B2,0.0,27.12,79.93,42.51,0.0,0.0,0.0,91.265,5.5,1,False
2024-12-04 08:00:00,B2,0.3931,29.4,75.06,25.65,0.0,720.3,766.47,91.6263,5.5,1,False
2024-12-04 09:00:00,B2,1.4221,26.28,81.31,21.62,0.0,2628.6,2773.13,92.4186,5.5,1,False
2024-12-04 10:00:00,B2,2.6941,35.04,77.34,25.15,0.0,4903.87,5253.49,91.0114,5.5,1,False
2024-12-04 11:00:00,B2,3.7232,35.32,89.19,27.16,0.0,6822.76,7260.15,91.6261,5.5,1,False
2024-12-04 12:00:00,B2,4.1162,36.48,83.97,42.92,0.0,7490.65,8026.62,90.9895,5.5,1,False
2024-12-04 13:00:00,B2,3.7232,36.57,89.58,34.53,0.0,6823.26,7260.15,91.6328,5.5,1,False
2024-12-04 14:00:00,B2,2.6941,37.66,88.91,27.29,0.0,4939.04,5253.49,91.664,5.5,1,False
2024-12-04 15:00:00,B2,1.4221,29.87,86.34,20.34,0.0,2626.96,2773.13,92.3609,5.5,1,False
2024-12-04 16:00:00,B2,0.3931,29.11,87.13,41.49,0.0,726.52,766.47,92.4181,5.5,1,False
2024-12-04 17:00:00,B2,0.0,25.66,82.21,24.57,0.0,0.0,0.0,90.4149,5.5,1,False
2024-12-04 18:00:00,B2,0.3931,24.49,80.21,45.11,0.0,718.64,766.47,91.4147,5.5,1,False
2024-12-04 19:00:00,B2,1.4221,25.57,87.91,32.85,0.0,2592.62,2773.13,91.1535,5.5,1,False
2024-12-04 07:00:00,C1,0.0,25.08,85.99,29.07,0.0,0.0,0.0,95.1699,2.5,0,False
2024-12-04 08:00:00,C1,0.3931,28.2,78.33,25.41,0.0,745.83,766.47,94.8744,2.5,1,False
2024-12-04 09:00:00,C1,1.4221,25.85,89.3,43.84,0.0,2671.42,2773.13,93.9239,2.5,1,False
2024-12-04 10:00:00,C1,2.6941,36.09,78.92,33.11,0.0,5096.12,5253.49,94.5793,2.5,1,False
2024-12-04 11:00:00,C1,3.7232,38.23,87.05,44.1,0.0,7022.81,7260.15,94.3126,2.5,1,False
2024-12-04 12:00:00,C1,4.1162,37.73,81.79,48.18,0.0,7752.77,8026.62,94.1735,2.5,1,False
2024-12-04 13:00:00,C1,3.7232,38.13,82.77,20.55,0.0,7056.41,7260.15,94.7638,2.5,1,False
2024-12-04 14:00:00,C1,2.6941,38.86,75.32,27.46,0.0,5087.64,5253.49,94.4219,2.5,1,False
2024-12-04 15:00:00,C1,1.4221,29.36,83.05,45.48,0.0,2679.75,2773.13,94.2168,2.5,1,False
2024-12-04 16:00:00,C1,0.3931,29.32,83.75,20.61,0.0,739.72,766.47,94.0966,2.5,1,False
2024-12-04 17:00:00,C1,0.0,28.16,76.2,38.19,0.0,0.0,0.0,94.0298,2.5,1,False
2024-12-04 18:00:00,C1,0.3931,26.35,88.69,44.87,0.0,744.84,766.47,94.7483,2.5,1,False
2024-12-04 19:00:00,C1,1.4221,29.84,83.62,29.26,0.0,2700.3,2773.13,94.9393,2.5,1,False
2024-12-04 07:00:00,C2,0.0,28.9,89.35,43.06,0.0,0.0,0.0,93.8407,3.5,1,False
2024-12-04 08:00:00,C2,0.3931,25.45,78.47,28.05,0.0,732.52,766.47,93.1811,3.5,1,False
2024-12-04 09:00:00,C2,1.4221,24.54,89.27,48.04,0.0,2650.43,2773.13,93.1862,3.5,1,False
2024-12-04 10:00:00,C2,2.6941,37.38,87.86,21.92,0.0,5032.76,5253.49,93.4034,3.5,1,False
2024-12-04 11:00:00,C2,3.7232,34.84,89.73,22.21,0.0,6907.98,7260.15,92.7705,3.5,1,False
2024-12-04 12:00:00,C2,4.1162,38.27,89.37,44.2,0.0,7704.61,8026.62,93.5885,3.5,1,False
2024-12-04 13:00:00,C2,3.7232,38.04,88.0,23.88,0.0,6932.17,7260.15,93.0954,3.5,1,False
2024-12-04 14:00:00,C2,2.6941,36.72,77.19,48.26,0.0,5011.84,5253.49,93.0151,3.5,1,False
2024-12-04 15:00:00,C2,1.4221,26.09,83.5,40.31,0.0,2660.89,2773.13,93.5539,3.5,1,False
2024-12-04 16:00:00,C2,0.3931,26.14,86.94,32.39,0.0,733.46,766.47,93.2998,3.5,1,False
2024-12-04 17:00:00,C2,0.0,29.0,87.5,48.66,0.0,0.0,0.0,93.5782,3.5,1,False
2024-12-04 18:00:00,C2,0.3931,25.31,88.82,47.47,0.0,734.57,766.47,93.442,3.5,1,False
2024-12-04 19:00:00,C2,1.4221,28.53,79.1,44.94,0.0,2673.89,2773.13,94.0108,3.5,1,False
2024-12-05 07:00:00,A1,0.0,27.57,98.17,87.43,0.4615,0.0,0.0,91.5167,5.0,0,True
2024-12-05 08:00:00,A1,0.3828,28.7,95.0,64.42,0.4615,709.4,746.52,92.6518,5.0,0,True
2024-12-05 09:00:00,A1,0.8925,28.43,98.3,64.0,0.4615,1642.49,1740.32,92.019,5.0,0,True
2024-12-05 10:00:00,A1,1.5719,24.02,98.28,62.5,0.4615,2909.88,3065.2,92.5596,5.0,0,True
2024-12-05 11:00:00,A1,2.1402,26.7,99.12,69.83,0.4615,3945.51,4173.48,92.1741,5.0,0,True
2024-12-05 12:00:00,A1,2.5625,25.64,94.9,69.18,0.4615,4742.51,4996.91,92.5362,5.0,0,True
2024-12-05 13:00:00,A1,2.2428,28.08,96.25,83.06,0.4615,4141.17,4373.53,92.3198,5.0,0,True
2024-12-05 14:00:00,A1,1.5915,28.42,98.98,79.51,0.4615,2914.67,3103.4,91.5705,5.0,0,True
2024-12-05 15:00:00,A1,1.0232,28.22,97.57,64.56,0.4615,1882.98,1995.22,92.0154,5.0,0,True
2024-12-05 16:00:00,A1,0.2677,25.05,90.03,72.16,0.4615,491.18,522.02,91.7394,5.0,0,True
2024-12-05 17:00:00,A1,0.0,26.22,98.53,67.34,0.4615,0.0,0.0,91.2414,5.0,0,True
2024-12-05 18:00:00,A1,0.3504,27.38,100.0,70.98,0.4615,655.81,683.33,93.5735,5.0,0,True
2024-12-05 19:00:00,A1,1.3832,27.4,92.63,76.47,0.4615,2537.85,2697.3,91.7362,5.0,0,True
2024-12-05 07:00:00,A2,0.0,29.61,97.45,66.27,0.4615,0.0,0.0,93.1527,4.0,0,True
2024-12-05 08:00:00,A2,0.3784,24.79,90.31,79.0,0.4615,709.75,737.89,93.7811,4.0,0,True
2024-12-05 09:00:00,A2,0.9211,29.63,91.33,65.76,0.4615,1703.04,1796.05,92.451,4.0,0,True
2024-12-05 10:00:00,A2,1.5565,29.46,90.95,73.81,0.4615,2897.1,3035.26,93.0618,4.0,0,True
2024-12-05 11:00:00,A2,2.2204,29.14,92.14,61.54,0.4615,4176.23,4329.81,94.0416,4.0,0,True
2024-12-05 12:00:00,A2,2.6476,26.1,91.89,65.82,0.4615,4946.23,5162.86,93.409,4.0,0,True
2024-12-05 13:00:00,A2,2.3079,29.07,98.61,86.07,0.4615,4343.98,4500.36,94.1119,4.0,0,True
2024-12-05 14:00:00,A2,1.7859,29.73,92.69,71.77,0.4615,3324.06,3482.55,93.0628,4.0,0,True
2024-12-05 15:00:00,A2,0.9928,29.32,99.79,68.16,0.4615,1841.9,1936.04,92.7588,4.0,0,True
2024-12-05 16:00:00,A2,0.2121,24.66,98.97,68.11,0.4615,395.32,413.5,93.2122,4.0,0,True
2024-12-05 17:00:00,A2,0.0,27.58,95.76,77.18,0.4615,0.0,0.0,92.3911,4.0,0,True
2024-12-05 18:00:00,A2,0.3616,25.67,99.7,84.63,0.4615,671.15,705.18,92.7943,4.0,0,True
2024-12-05 19:00:00,A2,1.3427,24.37,91.37,83.56,0.4615,2507.1,2618.19,93.3633,4.0,0,True
2024-12-05 07:00:00,B1,0.0,27.53,90.8,63.89,0.4615,0.0,0.0,94.7121,2.0,0,True
2024-12-05 08:00:00,B1,0.4078,25.85,99.94,62.79,0.4615,771.01,795.12,94.5431,2.0,0,True
2024-12-05 09:00:00,B1,0.888,26.05,92.37,83.76,0.4615,1682.67,1731.63,94.7429,2.0,0,True
2024-12-05 10:00:00,B1,1.8074,26.86,91.82,81.43,0.4615,3411.55,3524.41,94.378,2.0,0,True
2024-12-05 11:00:00,B1,2.4551,25.17,96.36,82.14,0.4615,4654.74,4787.39,94.7985,2.0,0,True
2024-12-05 12:00:00,B1,2.3929,27.9,98.59,76.75,0.4615,4563.28,4666.14,95.3507,2.0,0,True
2024-12-05 13:00:00,B1,2.4674,24.82,93.53,66.49,0.4615,4673.44,4811.4,94.7044,2.0,0,True
2024-12-05 14:00:00,B1,1.7799,30.0,90.92,73.0,0.4615,3388.43,3470.84,95.185,2.0,0,True
2024-12-05 15:00:00,B1,0.9503,25.95,98.73,78.67,0.4615,1801.85,1853.05,94.8059,2.0,0,True
2024-12-05 16:00:00,B1,0.2048,26.84,96.32,76.23,0.4615,393.27,399.33,96.0208,2.0,0,True
2024-12-05 17:00:00,B1,0.0,29.03,96.65,62.26,0.4615,0.0,0.0,94.9077,2.0,0,True
2024-12-05 18:00:00,B1,0.4279,26.44,94.24,84.59,0.4615,816.06,834.46,95.35,2.0,0,True
2024-12-05 19:00:00,B1,1.3373,25.47,90.1,62.07,0.4615,2552.33,2607.68,95.4307,2.0,0,True
2024-12-05 07:00:00,B2,0.0,26.76,97.3,80.77,0.4615,0.0,0.0,90.5398,6.0,0,True
2024-12-05 08:00:00,B2,0.3488,26.2,99.14,81.59,0.4615,637.62,680.17,91.401,6.0,0,True
2024-12-05 09:00:00,B2,0.7165,28.99,96.77,61.67,0.4615,1310.23,1397.24,91.4289,6.0,0,True
2024-12-05 10:00:00,B2,1.9301,25.69,95.83,64.25,0.4615,3526.78,3763.62,91.3646,6.0,0,True
2024-12-05 11:00:00,B2,2.2039,25.43,98.44,73.13,0.4615,3992.42,4297.62,90.5759,6.0,0,True
2024-12-05 12:00:00,B2,2.5528,27.58,91.32,84.83,0.4615,4658.56,4978.05,91.2424,6.0,0,True
2024-12-05 13:00:00,B2,2.6343,25.22,96.91,60.98,0.4615,4810.75,5136.93,91.309,6.0,0,True
2024-12-05 14:00:00,B2,1.6898,28.23,94.2,83.24,0.4615,3043.11,3295.13,90.0429,6.0,0,True
2024-12-05 15:00:00,B2,0.8337,29.3,92.4,85.97,0.4615,1521.31,1625.79,91.2347,6.0,0,True
2024-12-05 16:00:00,B2,0.1984,29.3,91.19,89.14,0.4615,365.68,386.9,92.1525,6.0,0,True
2024-12-05 17:00:00,B2,0.0,27.91,97.99,88.54,0.4615,0.0,0.0,91.7662,6.0,0,True
2024-12-05 18:00:00,B2,0.4028,26.57,94.67,64.0,0.4615,730.97,785.46,90.7359,6.0,0,True
2024-12-05 19:00:00,B2,1.3094,24.98,91.27,76.23,0.4615,2344.54,2553.31,89.5278,6.0,0,True
2024-12-05 07:00:00,C1,0.0,26.03,99.16,60.82,0.4615,0.0,0.0,94.4157,3.0,0,True
2024-12-05 08:00:00,C1,0.4279,27.68,98.09,62.7,0.4615,797.26,834.37,93.1642,3.0,0,True
2024-12-05 09:00:00,C1,0.9209,26.16,93.21,89.77,0.4615,1751.91,1795.83,95.1153,3.0,0,True
2024-12-05 10:00:00,C1,1.5277,25.17,90.82,81.19,0.4615,2881.89,2979.06,94.3197,3.0,0,True
2024-12-05 11:00:00,C1,1.8387,28.61,99.48,82.49,0.4615,3446.67,3585.37,93.7282,3.0,0,True
2024-12-05 12:00:00,C1,2.6971,25.53,94.07,69.28,0.4615,5048.3,5259.28,93.5886,3.0,0,True
2024-12-05 13:00:00,C1,2.3144,27.18,92.4,86.08,0.4615,4361.11,4513.17,94.215,3.0,0,True
2024-12-05 14:00:00,C1,1.867,28.95,98.99,66.84,0.4615,3480.56,3640.73,93.2106,3.0,0,True
2024-12-05 15:00:00,C1,0.8351,25.69,98.49,84.4,0.4615,1569.95,1628.54,93.9923,3.0,0,True
2024-12-05 16:00:00,C1,0.2576,28.95,97.8,71.7,0.4615,486.93,502.27,94.5218,3.0,0,True
2024-12-05 17:00:00,C1,0.0,29.2,98.92,79.25,0.4615,0.0,0.0,94.3054,3.0,0,True
2024-12-05 18:00:00,C1,0.3627,26.9,98.97,79.13,0.4615,676.23,707.34,93.2124,3.0,0,True
2024-12-05 19:00:00,C1,1.5086,29.67,98.67,60.51,0.4615,2853.26,2941.73,94.5676,3.0,0,True
2024-12-05 07:00:00,C2,0.0,25.24,94.14,63.73,0.4615,0.0,0.0,92.4948,4.0,0,True
2024-12-05 08:00:00,C2,0.4094,25.58,90.0,72.18,0.4615,753.11,798.41,91.968,4.0,0,True
2024-12-05 09:00:00,C2,0.7741,24.77,93.24,88.1,0.4615,1442.76,1509.4,93.195,4.0,0,True
2024-12-05 10:00:00,C2,1.6674,24.89,97.78,86.77,0.4615,3084.43,3251.52,92.4896,4.0,0,True
2024-12-05 11:00:00,C2,2.6737,26.73,91.69,68.38,0.4615,4952.28,5213.79,92.6097,4.0,0,True
2024-12-05 12:00:00,C2,2.6371,24.57,90.25,64.76,0.4615,4878.45,5142.33,92.4967,4.0,0,True
2024-12-05 13:00:00,C2,2.0629,29.72,98.71,80.27,0.4615,3846.39,4022.74,93.2257,4.0,0,True
2024-12-05 14:00:00,C2,1.5752,28.27,97.39,66.79,0.4615,2928.63,3071.63,92.9608,4.0,0,True
2024-12-05 15:00:00,C2,0.9584,28.45,92.32,89.86,0.4615,1783.46,1868.84,93.0458,4.0,0,True
2024-12-05 16:00:00,C2,0.2675,24.42,99.21,68.43,0.4615,495.5,521.58,92.6252,4.0,0,True
2024-12-05 17:00:00,C2,0.0,25.6,97.87,67.36,0.4615,0.0,0.0,92.5053,4.0,0,True
2024-12-05 18:00:00,C2,0.3863,27.67,95.92,64.06,0.4615,722.16,753.3,93.47,4.0,0,True
2024-12-05 19:00:00,C2,1.3892,28.39,99.77,86.86,0.4615,2603.6,2708.88,93.7107,4.0,0,True
2024-12-06 07:00:00,A1,0.0,29.99,77.39,24.41,0.0,0.0,0.0,91.0937,6.4,1,False
2024-12-06 08:00:00,A1,0.5092,29.22,84.06,48.34,0.0,912.18,992.88,89.575,6.4,1,False
2024-12-06 09:00:00,A1,1.8422,26.82,87.84,41.22,0.0,3327.08,3592.28,90.3021,6.4,1,False
2024-12-06 10:00:00,A1,3.4899,38.21,86.64,38.56,0.0,6347.86,6805.3,90.9462,6.4,1,False
2024-12-06 11:00:00,A1,4.8229,34.97,88.96,33.19,0.0,8692.83,9404.7,90.1199,6.4,1,False
2024-12-06 12:00:00,A1,5.3321,34.29,77.86,40.64,0.0,9707.38,10397.58,91.0279,6.4,1,False
2024-12-06 13:00:00,A1,4.8229,34.97,87.26,43.54,0.0,8711.21,9404.7,90.3105,6.4,1,False
2024-12-06 14:00:00,A1,3.4899,39.48,84.03,37.13,0.0,6359.78,6805.3,91.117,6.4,1,False
2024-12-06 15:00:00,A1,1.8422,26.53,88.03,37.11,0.0,3317.91,3592.28,90.0532,6.4,1,False
2024-12-06 16:00:00,A1,0.5092,26.56,88.92,41.37,0.0,925.38,992.88,90.8714,6.4,1,False
2024-12-06 17:00:00,A1,0.0,24.09,83.16,39.42,0.0,0.0,0.0,90.1846,6.4,1,False
2024-12-06 18:00:00,A1,0.5092,25.47,82.88,30.55,0.0,921.74,992.88,90.5142,6.4,1,False
2024-12-06 19:00:00,A1,1.8422,25.23,79.43,44.98,0.0,3348.08,3592.28,90.8721,6.4,1,False
2024-12-06 07:00:00,A2,0.0,25.74,85.44,36.4,0.0,0.0,0.0,91.2066,5.4,1,False
2024-12-06 08:00:00,A2,0.5092,25.98,88.43,32.0,0.0,932.77,992.88,91.5976,5.4,1,False
2024-12-06 09:00:00,A2,1.8422,26.1,75.19,38.66,0.0,3367.55,3592.28,91.4006,5.4,1,False
2024-12-06 10:00:00,A2,3.4899,36.78,84.25,20.84,0.0,6423.26,6805.3,92.0265,5.4,1,False
2024-12-06 11:00:00,A2,4.8229,39.61,79.99,36.29,0.0,8800.46,9404.7,91.2358,5.4,1,False
2024-12-06 12:00:00,A2,5.3321,39.87,77.74,49.28,0.0,9821.37,10397.58,92.0968,5.4,1,False
2024-12-06 13:00:00,A2,4.8229,34.08,75.7,28.74,0.0,8846.78,9404.7,91.7159,5.4,1,False
2024-12-06 14:00:00,A2,3.4899,36.67,75.07,32.93,0.0,6422.16,6805.3,92.0107,5.4,1,False
2024-12-06 15:00:00,A2,1.8422,29.72,83.92,41.96,0.0,3396.83,3592.28,92.1952,5.4,1,False
2024-12-06 16:00:00,A2,0.5092,29.89,88.56,27.2,0.0,937.97,992.88,92.1078,5.4,1,False
2024-12-06 17:00:00,A2,0.0,27.7,84.91,49.68,0.0,0.0,0.0,92.3806,5.4,1,False
2024-12-06 18:00:00,A2,0.5092,29.01,88.53,47.79,0.0,941.2,992.88,92.4246,5.4,1,False
2024-12-06 19:00:00,A2,1.8422,26.93,78.6,48.68,0.0,3360.65,3592.28,91.2133,5.4,1,False
2024-12-06 07:00:00,B1,0.0,28.7,83.97,42.73,0.0,0.0,0.0,93.2938,3.4,1,False
2024-12-06 08:00:00,B1,0.5092,27.59,84.97,34.14,0.0,951.17,992.88,93.4043,3.4,1,False
2024-12-06 09:00:00,B1,1.8422,26.95,76.39,38.32,0.0,3460.55,3592.28,93.9248,3.4,1,False
2024-12-06 10:00:00,B1,3.4899,37.57,84.01,36.75,0.0,6501.08,6805.3,93.1413,3.4,1,False
2024-12-06 11:00:00,B1,4.8229,36.48,76.25,29.19,0.0,9057.47,9404.7,93.9002,3.4,1,False
2024-12-06 12:00:00,B1,5.3321,35.95,78.36,26.69,0.0,9888.78,10397.58,92.7289,3.4,1,False
2024-12-06 13:00:00,B1,4.8229,38.94,81.03,25.2,0.0,9079.34,9404.7,94.1269,3.4,1,False
2024-12-06 14:00:00,B1,3.4899,38.24,88.79,26.81,0.0,6478.11,6805.3,92.8122,3.4,1,False
2024-12-06 15:00:00,B1,1.8422,24.44,76.6,26.61,0.0,3441.02,3592.28,93.3947,3.4,1,False
2024-12-06 16:00:00,B1,0.5092,24.22,77.11,42.52,0.0,946.92,992.88,92.9866,3.4,1,False
2024-12-06 17:00:00,B1,0.0,25.98,80.03,46.75,0.0,0.0,0.0,92.3255,3.4,1,False
2024-12-06 18:00:00,B1,0.5092,28.75,85.73,28.86,0.0,957.23,992.88,93.9991,3.4,1,False
2024-12-06 19:00:00,B1,1.8422,28.14,86.55,44.79,0.0,3459.95,3592.28,93.9086,3.4,1,False
2024-12-06 07:00:00,B2,0.0,24.59,85.83,28.24,0.0,0.0,0.0,89.1911,7.4,1,False
2024-12-06 08:00:00,B2,0.5092,24.22,80.9,32.69,0.0,914.18,992.88,89.7712,7.4,1,False
2024-12-06 09:00:00,B2,1.8422,26.06,84.99,43.35,0.0,3314.94,3592.28,89.9726,7.4,1,False
2024-12-06 10:00:00,B2,3.4899,34.97,76.93,35.2,0.0,6293.12,6805.3,90.1619,7.4,1,False
2024-12-06 11:00:00,B2,4.8229,37.19,86.63,37.99,0.0,8576.32,9404.7,88.912,7.4,1,False
2024-12-06 12:00:00,B2,5.3321,39.6,75.66,40.27,0.0,9539.89,10397.58,89.4573,7.4,1,False
2024-12-06 13:00:00,B2,4.8229,38.43,87.58,36.21,0.0,8629.99,9404.7,89.4684,7.4,1,False
2024-12-06 14:00:00,B2,3.4899,35.41,82.13,27.76,0.0,6319.45,6805.3,90.5392,7.4,1,False
2024-12-06 15:00:00,B2,1.8422,24.58,84.49,22.49,0.0,3334.12,3592.28,90.4932,7.4,1,False
2024-12-06 16:00:00,B2,0.5092,25.49,87.83,20.84,0.0,916.08,992.88,89.9585,7.4,1,False
2024-12-06 17:00:00,B2,0.0,29.11,80.59,38.76,0.0,0.0,0.0,89.5714,7.4,1,False
2024-12-06 18:00:00,B2,0.5092,27.39,82.32,26.44,0.0,911.01,992.88,89.4605,7.4,1,False
2024-12-06 19:00:00,B2,1.8422,26.75,82.72,31.31,0.0,3302.12,3592.28,89.6248,7.4,1,False
2024-12-06 07:00:00,C1,0.0,29.59,85.84,44.66,0.0,0.0,0.0,92.3238,4.4,1,False
2024-12-06 08:00:00,C1,0.5092,25.51,84.85,26.1,0.0,940.72,992.88,92.3781,4.4,1,False
2024-12-06 09:00:00,C1,1.8422,24.49,85.25,39.94,0.0,3395.8,3592.28,92.1674,4.4,1,False
2024-12-06 10:00:00,C1,3.4899,39.38,78.88,26.63,0.0,6502.25,6805.3,93.1581,4.4,1,False
2024-12-06 11:00:00,C1,4.8229,35.3,84.75,38.15,0.0,8986.53,9404.7,93.1648,4.4,1,False
2024-12-06 12:00:00,C1,5.3321,35.2,87.19,30.21,0.0,9847.87,10397.58,92.3453,4.4,1,False
2024-12-06 13:00:00,C1,4.8229,38.93,76.75,41.97,0.0,8945.61,9404.7,92.7405,4.4,1,False
2024-12-06 14:00:00,C1,3.4899,34.16,76.98,20.89,0.0,6467.0,6805.3,92.6531,4.4,1,False
2024-12-06 15:00:00,C1,1.8422,27.79,87.69,20.5,0.0,3388.07,3592.28,91.9575,4.4,1,False
2024-12-06 16:00:00,C1,0.5092,24.94,81.47,21.6,0.0,950.58,992.88,93.3457,4.4,1,False
2024-12-06 17:00:00,C1,0.0,25.81,88.18,48.04,0.0,0.0,0.0,93.2551,4.4,1,False
2024-12-06 18:00:00,C1,0.5092,29.15,84.86,30.27,0.0,943.58,992.88,92.6585,4.4,1,False
2024-12-06 19:00:00,C1,1.8422,27.31,75.09,39.09,0.0,3420.48,3592.28,92.8372,4.4,1,False
2024-12-06 07:00:00,C2,0.0,25.82,81.59,32.37,0.0,0.0,0.0,91.343,5.4,1,False
2024-12-06 08:00:00,C2,0.5092,26.45,77.4,26.89,0.0,937.52,992.88,92.0632,5.4,1,False
2024-12-06 09:00:00,C2,1.8422,28.91,79.83,32.06,0.0,3376.5,3592.28,91.6434,5.4,1,False
2024-12-06 10:00:00,C2,3.4899,38.24,76.72,40.89,0.0,6393.36,6805.3,91.598,5.4,1,False
2024-12-06 11:00:00,C2,4.8229,35.2,85.85,34.72,0.0,8866.5,9404.7,91.9204,5.4,1,False
2024-12-06 12:00:00,C2,5.3321,39.98,79.75,31.01,0.0,9749.96,10397.58,91.4271,5.4,1,False
2024-12-06 13:00:00,C2,4.8229,39.22,79.11,33.83,0.0,8818.29,9404.7,91.4206,5.4,1,False
2024-12-06 14:00:00,C2,3.4899,38.91,85.27,33.09,0.0,6426.13,6805.3,92.0676,5.4,1,False
2024-12-06 15:00:00,C2,1.8422,29.34,78.82,31.97,0.0,3358.02,3592.28,91.142,5.4,1,False
2024-12-06 16:00:00,C2,0.5092,25.08,82.44,36.95,0.0,934.13,992.88,91.7312,5.4,1,False
2024-12-06 17:00:00,C2,0.0,24.7,75.66,48.43,0.0,0.0,0.0,91.9823,5.4,1,False
2024-12-06 18:00:00,C2,0.5092,26.8,81.78,46.32,0.0,932.47,992.88,91.5679,5.4,1,False
2024-12-06 19:00:00,C2,1.8422,27.81,85.81,33.16,0.0,3346.6,3592.28,90.8321,5.4,1,False
2024-12-07 07:00:00,A1,0.0,25.81,81.32,43.49,0.0,0.0,0.0,90.5372,7.2,1,False
2024-12-07 08:00:00,A1,0.4811,25.97,81.44,22.48,0.0,861.54,938.15,89.5381,7.2,1,False
2024-12-07 09:00:00,A1,1.7406,25.51,75.36,24.81,0.0,3114.69,3394.26,89.4695,7.2,1,False
2024-12-07 10:00:00,A1,3.2975,38.83,83.68,46.19,0.0,5953.93,6430.18,90.2788,7.2,1,False
2024-12-07 11:00:00,A1,4.5571,36.05,84.61,49.98,0.0,8185.48,8886.29,89.8107,7.2,1,False
2024-12-07 12:00:00,A1,5.0382,38.57,82.35,26.42,0.0,9141.23,9824.44,90.7197,7.2,1,False
2024-12-07 13:00:00,A1,4.5571,34.15,85.09,49.24,0.0,8243.02,8886.29,90.4421,7.2,1,False
2024-12-07 14:00:00,A1,3.2975,39.17,80.16,35.32,0.0,5917.86,6430.18,89.7318,7.2,1,False
2024-12-07 15:00:00,A1,1.7406,26.92,82.57,37.33,0.0,3117.94,3394.26,89.5627,7.2,1,False
2024-12-07 16:00:00,A1,0.4811,25.03,79.33,37.01,0.0,873.33,938.15,90.7631,7.2,1,False
2024-12-07 17:00:00,A1,0.0,24.75,79.79,44.6,0.0,0.0,0.0,89.6266,7.2,1,False
2024-12-07 18:00:00,A1,0.4811,26.1,85.43,28.56,0.0,858.03,938.15,89.1733,7.2,1,False
2024-12-07 19:00:00,A1,1.7406,24.82,77.51,37.58,0.0,3125.93,3394.26,89.7921,7.2,1,False
2024-12-07 07:00:00,A2,0.0,29.29,79.65,22.11,0.0,0.0,0.0,91.2781,6.2,1,False
2024-12-07 08:00:00,A2,0.4811,25.77,79.9,32.68,0.0,864.27,938.15,89.8217,6.2,1,False
2024-12-07 09:00:00,A2,1.7406,25.6,81.35,31.25,0.0,3196.3,3394.26,91.8136,6.2,1,False
2024-12-07 10:00:00,A2,3.2975,34.23,78.03,25.75,0.0,6036.63,6430.18,91.5327,6.2,1,False
2024-12-07 11:00:00,A2,4.5571,35.7,75.32,44.78,0.0,8254.45,8886.29,90.5676,6.2,1,False
2024-12-07 12:00:00,A2,5.0382,39.82,77.03,36.06,0.0,9159.8,9824.44,90.904,6.2,1,False
2024-12-07 13:00:00,A2,4.5571,34.74,80.08,23.29,0.0,8200.5,8886.29,89.9756,6.2,1,False
2024-12-07 14:00:00,A2,3.2975,37.25,89.25,47.36,0.0,5944.26,6430.18,90.1321,6.2,1,False
2024-12-07 15:00:00,A2,1.7406,26.46,84.29,47.71,0.0,3141.23,3394.26,90.2318,6.2,1,False
2024-12-07 16:00:00,A2,0.4811,25.31,83.03,43.15,0.0,869.86,938.15,90.4027,6.2,1,False
2024-12-07 17:00:00,A2,0.0,27.67,78.84,20.48,0.0,0.0,0.0,90.3378,6.2,1,False
2024-12-07 18:00:00,A2,0.4811,29.83,76.7,42.6,0.0,870.18,938.15,90.436,6.2,1,False
2024-12-07 19:00:00,A2,1.7406,25.86,79.08,48.2,0.0,3160.69,3394.26,90.7906,6.2,1,False
2024-12-07 07:00:00,B1,0.0,25.07,79.87,33.78,0.0,0.0,0.0,92.8141,4.2,1,False
2024-12-07 08:00:00,B1,0.4811,26.05,85.65,22.12,0.0,887.72,938.15,92.2589,4.2,1,False
2024-12-07 09:00:00,B1,1.7406,24.29,75.94,49.78,0.0,3217.42,3394.26,92.4203,4.2,1,False
2024-12-07 10:00:00,B1,3.2975,38.34,87.45,44.4,0.0,6078.32,6430.18,92.1649,4.2,1,False
2024-12-07 11:00:00,B1,4.5571,39.24,85.93,44.77,0.0,8377.79,8886.29,91.9208,4.2,1,False
2024-12-07 12:00:00,B1,5.0382,34.41,80.47,38.88,0.0,9336.79,9824.44,92.6604,4.2,1,False
2024-12-07 13:00:00,B1,4.5571,36.98,87.51,45.68,0.0,8410.97,8886.29,92.2848,4.2,1,False
2024-12-07 14:00:00,B1,3.2975,39.12,86.97,23.78,0.0,6117.18,6430.18,92.7541,4.2,1,False
2024-12-07 15:00:00,B1,1.7406,27.22,86.76,20.17,0.0,3212.68,3394.26,92.284,4.2,1,False
2024-12-07 16:00:00,B1,0.4811,24.38,75.04,41.39,0.0,880.24,938.15,91.481,4.2,1,False
2024-12-07 17:00:00,B1,0.0,25.45,89.96,45.24,0.0,0.0,0.0,93.6003,4.2,1,False
2024-12-07 18:00:00,B1,0.4811,29.48,86.76,39.94,0.0,889.12,938.15,92.4042,4.2,1,False
2024-12-07 19:00:00,B1,1.7406,24.84,82.91,27.92,0.0,3240.98,3394.26,93.097,4.2,1,False
2024-12-07 07:00:00,B2,0.0,27.0,77.05,43.97,0.0,0.0,0.0,88.4128,8.2,1,False
2024-12-07 08:00:00,B2,0.4811,24.3,80.21,44.68,0.0,860.02,938.15,89.3801,8.2,1,False
2024-12-07 09:00:00,B2,1.7406,29.12,79.65,23.01,0.0,3080.22,3394.26,88.4792,8.2,1,False
2024-12-07 10:00:00,B2,3.2975,37.33,80.83,24.86,0.0,5874.73,6430.18,89.0777,8.2,1,False
2024-12-07 11:00:00,B2,4.5571,39.17,84.52,43.44,0.0,8052.73,8886.29,88.3542,8.2,1,False
2024-12-07 12:00:00,B2,5.0382,35.6,75.05,23.92,0.0,8997.96,9824.44,89.2978,8.2,1,False
2024-12-07 13:00:00,B2,4.5571,38.68,85.84,27.44,0.0,8100.56,8886.29,88.879,8.2,1,False
2024-12-07 14:00:00,B2,3.2975,34.53,84.04,34.62,0.0,5844.23,6430.18,88.6154,8.2,1,False
2024-12-07 15:00:00,B2,1.7406,24.19,88.39,27.18,0.0,3087.99,3394.26,88.7024,8.2,1,False
2024-12-07 16:00:00,B2,0.4811,25.71,82.84,34.9,0.0,856.55,938.15,89.0197,8.2,1,False
2024-12-07 17:00:00,B2,0.0,24.14,82.07,25.86,0.0,0.0,0.0,89.4911,8.2,1,False
2024-12-07 18:00:00,B2,0.4811,25.03,86.02,20.54,0.0,854.03,938.15,88.7577,8.2,1,False
2024-12-07 19:00:00,B2,1.7406,26.46,81.94,40.96,0.0,3096.25,3394.26,88.9396,8.2,1,False
2024-12-07 07:00:00,C1,0.0,29.26,84.39,40.04,0.0,0.0,0.0,91.8068,5.2,1,False
2024-12-07 08:00:00,C1,0.4811,27.75,84.75,38.23,0.0,879.17,938.15,91.3702,5.2,1,False
2024-12-07 09:00:00,C1,1.7406,28.28,75.47,31.04,0.0,3195.16,3394.26,91.7808,5.2,1,False
2024-12-07 10:00:00,C1,3.2975,34.17,79.1,41.57,0.0,6034.55,6430.18,91.5011,5.2,1,False
2024-12-07 11:00:00,C1,4.5571,37.99,77.09,22.78,0.0,8329.82,8886.29,91.3945,5.2,1,False
2024-12-07 12:00:00,C1,5.0382,38.94,75.48,25.18,0.0,9230.56,9824.44,91.6062,5.2,1,False
2024-12-07 13:00:00,C1,4.5571,34.29,88.4,22.28,0.0,8343.43,8886.29,91.5437,5.2,1,False
2024-12-07 14:00:00,C1,3.2975,34.02,85.52,20.69,0.0,6071.66,6430.18,92.0639,5.2,1,False
2024-12-07 15:00:00,C1,1.7406,24.73,75.86,28.93,0.0,3202.42,3394.26,91.9894,5.2,1,False
2024-12-07 16:00:00,C1,0.4811,26.39,78.67,49.16,0.0,880.25,938.15,91.4822,5.2,1,False
2024-12-07 17:00:00,C1,0.0,28.28,78.85,31.23,0.0,0.0,0.0,91.8556,5.2,1,False
2024-12-07 18:00:00,C1,0.4811,28.12,87.72,23.89,0.0,874.82,938.15,90.9184,5.2,1,False
2024-12-07 19:00:00,C1,1.7406,25.35,84.21,36.16,0.0,3200.57,3394.26,91.9362,5.2,1,False
2024-12-07 07:00:00,C2,0.0,29.61,79.32,48.21,0.0,0.0,0.0,91.2589,6.2,1,False
2024-12-07 08:00:00,C2,0.4811,24.62,75.15,39.15,0.0,869.65,938.15,90.3804,6.2,1,False
2024-12-07 09:00:00,C2,1.7406,25.12,85.08,42.44,0.0,3164.36,3394.26,90.8962,6.2,1,False
2024-12-07 10:00:00,C2,3.2975,35.48,83.5,39.11,0.0,5954.95,6430.18,90.2942,6.2,1,False
2024-12-07 11:00:00,C2,4.5571,36.97,80.94,45.94,0.0,8314.12,8886.29,91.2222,6.2,1,False
2024-12-07 12:00:00,C2,5.0382,36.74,88.24,39.84,0.0,9202.92,9824.44,91.332,6.2,1,False
2024-12-07 13:00:00,C2,4.5571,34.28,84.49,22.16,0.0,8353.18,8886.29,91.6508,6.2,1,False
2024-12-07 14:00:00,C2,3.2975,37.65,76.6,35.17,0.0,6018.05,6430.18,91.251,6.2,1,False
2024-12-07 15:00:00,C2,1.7406,26.16,89.84,37.7,0.0,3173.15,3394.26,91.1487,6.2,1,False
2024-12-07 16:00:00,C2,0.4811,26.71,87.28,20.34,0.0,879.4,938.15,91.3937,6.2,1,False
2024-12-07 17:00:00,C2,0.0,24.58,79.9,27.86,0.0,0.0,0.0,90.8729,6.2,1,False
2024-12-07 18:00:00,C2,0.4811,29.12,78.19,40.45,0.0,877.41,938.15,91.1869,6.2,1,False
2024-12-07 19:00:00,C2,1.7406,26.39,89.88,21.83,0.0,3164.62,3394.26,90.9037,6.2,1,False
